Medicine_ID,Counterfeit_Sales
HLZ81,2800.246335254534
ECE94,3916.815814616686
SAD14,1421.3569613961013
EQV63,153.05194899977312
AIR10,-116.41736011283359
LIC37,1059.7148771558477
EXZ14,3970.49024506587
UCB79,3529.770268766702
IDJ12,4907.841863433136
KLQ71,1584.0363246764716
NZS82,2985.896397648092
TZV99,3964.9819568216635
FWK70,2451.991438150324
LKL13,2731.460124970449
UFQ12,5165.116514980478
JPE14,2766.961019205654
SGZ11,2797.3073153648124
JSD91,2686.0345242505878
KSO48,3121.372381895981
LNA17,1130.6466881048052
XQB11,1930.0029094575589
ZKO55,1918.9365704466168
DZC65,1124.542135217467
CYS10,3274.761802059162
IOW64,2498.488557655598
JJQ10,3080.0607119546444
ZVR52,1843.0250533010153
DRH86,1062.4615634003374
HWM68,2984.3275491977406
OHY21,2562.3947280889815
EVB28,1189.3098729140086
WGT10,2494.555785751536
TXX50,2932.485214955837
XHQ12,767.7089620501945
BUQ68,2863.928843472776
GPT11,2460.902903225485
DBA13,964.8019619672923
VLR10,2442.4621733420727
TXX50,2755.119034637353
PPB10,3937.369710885003
IAS38,3343.645255260411
FLZ93,2602.477732451561
DEE35,2323.1272892211846
DFS52,2969.179689294276
JCW15,1579.9785481104334
CGG23,2194.3606451854534
OJV12,2121.263183707226
MCQ36,3636.591786240968
YJD12,2914.107538010723
EOK39,-431.55697173914257
IYM95,3249.6792831308294
JBY12,3042.5782820630147
EVE11,3748.3728366734367
IAS38,2939.8401579668143
LKG52,3455.5275583711423
LCH20,710.5677363538671
DQX15,-762.48986164811
CPF13,2990.4740696584304
MXD18,3916.8424295690393
UJL53,3503.0990464804995
NQG12,3924.206217970318
RTM43,1426.3669793792517
VOR91,1190.4390295382334
BKR48,1850.3213989004662
TYB54,4296.310569035202
JDT14,3160.104788060633
YST51,1034.831220857769
YRD11,754.3509184718391
IKQ41,3206.3977573868287
KKJ43,1516.4458886956945
BFA10,3798.4505778241473
JIV77,546.3583789809363
OIT11,2885.1949947161625
EVB28,908.5178248253055
IZD14,960.5385734702486
DVR14,1990.3788676679692
HAY13,2515.849604994552
KEB73,1392.030649420342
UHF16,2926.2412892442344
KOE13,2858.523994236321
OCC17,2040.1887148537548
XSM88,2721.02061998686
XKD99,2974.8812205351205
DZO55,2002.811342765011
EPQ18,1042.0836081516572
WGC12,4443.99947843649
GTU11,3728.0099626016463
DPL20,809.1414865921906
LCT65,772.4577325973485
KKK25,1730.832842947273
OYJ39,2281.1634201422357
PRC68,1713.8083742658914
BKA11,4018.9177397979256
MCS10,3885.8289699891475
OMK35,2867.0465794328015
INQ59,-1029.917120785073
WAF13,4269.58698392122
QEG30,2199.078538408503
HNB36,2260.1708811400545
JFM47,3231.9691397192823
DHX14,2214.5382007222697
TIG24,1703.5260225750194
WXI33,1275.567749922895
QBL45,2291.84072983768
DPT13,1558.1352050945013
YHP10,2639.464467074972
IHZ66,3149.405609446788
LSZ55,1344.8003024689517
SLH10,1326.8271066264674
DIX98,1827.401182767006
XEX60,2942.3326960854033
SFC11,-570.6489847379719
QGV13,3750.974179334844
YJY59,4173.527959431061
LHQ13,955.4960599628732
FWW89,1606.3938107189908
AAS12,2554.4379988818964
YHP10,2838.4676229595643
JZL95,4088.696658807825
DBJ11,4025.802418903555
BNO11,4379.134973732494
MBQ12,3628.667473474757
NQE11,3661.201104766115
BJQ15,655.6243819441926
JZK98,2757.1619091866232
MSY10,5092.154972056538
DDK20,2520.505939008794
QAU14,1633.7501395633062
YMG27,-1104.2476875025473
PJB12,2378.277012396047
MKO99,1573.923704915251
SYW15,1131.9212237482152
TTJ13,1805.391639205413
KIT10,892.840266588365
PYY23,3621.405852458895
QQR55,2807.106230056677
QBT13,1749.541991599985
KBR18,1904.8968900196764
IAP53,2424.2709744736785
HPW53,3655.6759163795814
UCX61,2246.574887820979
IWE13,2968.82431657264
OJE14,3275.0768418957796
SFI23,2246.583742010458
MRG11,2666.610182110554
GLQ11,1805.7894099923733
JXC75,3198.7335240156644
FTY40,2647.4881995298883
GUM11,987.950000596087
LZQ97,4696.443046749268
NGH10,2144.6691936538587
MKR14,3209.1878851405777
MWN81,3616.2859953180987
QKY68,925.2442509648847
JEF58,1772.3128175829188
IJC44,3727.449238235948
ZJB56,2089.8856983198502
OIY11,2095.4302907194906
DXX87,937.3224094019929
VPX10,3223.1195073395374
LHK43,2000.450040528964
UQE10,3778.839252370508
MAJ12,2137.1939744037863
GWU14,4212.01697916749
DCB19,3602.000721872364
FVD11,784.7577978733773
CPZ57,871.734658251753
HWM68,1509.866996148694
TGT13,2637.8272345843775
OTB75,724.3433749239775
VIQ13,3496.009502017589
XXE14,2092.54765626875
RNV12,881.7234067872967
DST32,3146.345672140039
CWT37,3843.161725113883
NCG56,3265.6199338533997
QJZ43,1542.796630445977
RHR86,1654.6156833911955
QRC11,2112.5265858803787
ATT10,871.5762246216968
YYJ78,691.3420957965943
CQU27,-232.90027537533584
ATT10,849.8048761349105
YTK96,2771.661807168943
UNI81,1477.0969852161222
IIG27,1338.6608373695065
MCS10,2471.900762065349
BTP27,1674.4198465165832
OLY11,1739.8930721367765
TVT11,2217.5301045452848
QFD24,4360.455641884166
UYQ40,712.4213857155091
KBP10,784.9082358418518
AKD11,3898.2346646085452
IUN21,4156.318807221996
PDQ67,779.4834948746015
RDQ13,1511.0792033773262
VLR87,3415.3009959729925
HZC96,3546.372494347633
QXV86,2473.6984018254866
TGT13,2705.040951644273
XJA26,3038.0116292533053
EWT46,4088.5499994083
QRC11,1792.3611866290598
RDJ83,1402.868369518553
URG12,275.5242634673343
BTP27,1786.6912888950674
ORN12,3969.8026035144057
RFR49,3445.428563362321
ZEE32,4250.181282455314
OKA72,182.4899873945874
FSJ13,2629.2312892546765
IYX45,1027.9671052447704
DSY84,1878.452493055126
CSM50,1886.2776063556448
WOX94,3332.8873390255676
UYH58,2979.398544467573
OLD10,4433.845931283459
IAP71,3187.70415690794
ATT10,2788.4622212668805
JHP96,-1219.786362467631
RUT58,1938.133427369175
UTN77,1561.5633130966316
CTM81,586.7875314974311
YAA14,1833.0979483703309
JJZ12,2225.4817639355865
BKA11,4051.383468948914
LWT80,1896.514441542693
GKI48,1450.2442407586545
UAV72,1655.5334587747757
OIF72,2363.727407005264
JYY11,4664.405367800133
LLH93,3731.879503364884
AZB11,3905.8615484726215
JEM14,2571.3108573552327
AHD74,2562.5098672547356
UYA56,4727.064773277103
XRJ35,727.941028699971
RAH15,2958.5461213493145
TRZ29,4144.624458477873
HMI21,1560.7235557055453
NEH32,1145.1168530386747
XEI37,3472.383962877123
BEY15,2873.7104032134307
JJD44,1567.2366851026916
NUW49,2519.548037641839
IKU77,1036.6260397431029
WDW84,2516.9325325377895
XBN75,3491.701850466765
BTP27,1625.4613378563947
KSO48,3253.8344974457264
SAC31,2869.8289059177787
KTH72,1278.9557435024803
VZK61,3613.446341448737
QAU14,1764.6620139110564
XVT88,4148.577472998012
KRS13,4279.657905216908
FDZ11,3454.6564275684023
DHT27,4103.3304786433
GRD25,2465.8571862736485
UQJ12,1490.9682465175504
GAC11,2656.232479878914
TKA46,865.6567227339069
YST51,1060.4562029146898
CCH19,2728.9261865972035
FTY40,2840.6541728555208
KVN10,3977.6012953291565
LWT80,1628.1104720934873
ONO10,4505.246657030689
STR65,3375.726206994635
VFE97,4127.909542744767
HWE10,821.30226213123
PRC68,1551.3373669608202
RVX39,749.3446694911131
VMN22,2981.5699931172544
XBY11,735.3497495784895
ZRF15,2516.221224879883
EOX12,2299.8083859991857
JNT60,3172.1868121484654
UIR34,3046.0475866265106
ACC80,4502.773199002054
IVE63,250.8454664255744
JES16,846.530034969489
QEF34,3678.238068809203
NZA81,1139.5716470614896
KTS65,3092.189739780395
ORX66,3113.2223915880945
DKW49,2525.933770108212
DVR14,2152.307090297837
KAY10,3709.5639675917287
ENH17,1062.5474717908646
XHQ90,690.8949488750154
WVJ47,2814.1711394060194
UAS12,-1040.4902618410197
TPH13,2550.7628450747743
OUB13,-499.5129260563271
QQF11,1494.2868172904323
NMJ18,1609.2347306128368
JWP65,1142.0185919582027
UYQ40,823.399752049967
OJV12,2179.967793413248
GWU14,4202.852318661406
RLY93,804.7484561300771
IFX14,1619.09967749843
ANV76,2433.008154471773
AHC49,2988.6025253548205
QXV86,2401.6665021082936
TNC52,3271.5335010543936
AEF11,809.8477254414745
DMF12,3182.7564652500823
PIV47,2519.43366456568
FKP38,2752.1438028282737
JSI16,5128.897425891795
GEL15,3794.443774537226
SAD14,1658.4799289230227
APX64,-27.98917923924489
HFF15,1439.2816450391651
OJL17,1859.6475122639272
RMM57,3525.719897047717
JJZ12,3633.919142830308
CYP90,2573.166590094674
HOA15,3259.9553830355867
TWM83,2250.2738953539465
XFX12,1854.7162306045593
UIR34,1583.8241575448633
NXT21,3144.897163138554
YOC67,3454.3062860973896
CTT10,1684.0763619623608
XTA25,3828.108909741877
CNH11,2679.9458461185745
OIR82,4321.863475144521
KGC13,3570.0691354041373
LKT15,2667.841787592228
YFD14,4005.5070239978695
LGE15,2558.4657878992116
UTN77,1721.8148507530245
ZPQ72,2577.266951254053
KSA50,2059.2879905000123
WIW15,20.233873648416534
WDS14,783.1428010136217
CUY60,4192.405305237252
ACW12,3532.9364425349154
HER33,2048.546343023313
GMM11,3989.875073984853
XXE14,3407.6992375706027
OJX13,3888.280357879081
GUA99,1830.0727761487665
HRH29,1967.0997256691003
WFU12,1209.812225327096
JZM41,2553.154196765048
QMP15,1610.1058084230551
AHD74,965.1086284233861
KSE64,2893.7419647873535
YEC92,246.709107666818
SZO25,4367.157086959901
LKT15,2894.4149810138574
SAS13,3029.7894035315885
DUZ10,944.0974530605408
DZI47,3300.0846276680254
MEF33,2912.327560813734
DQX15,2512.2908188869646
KTH72,3311.1174718054367
HPD36,587.1925290782916
NPE65,2159.9035745139463
MRG11,2819.8306029990604
PQM96,2582.669781983729
UYP13,-20.73390213751611
INU15,1227.3112290105282
ZGG52,3547.2379243850405
TQD35,1525.7601296947219
YOC67,3078.5572436728758
OUB13,1359.5955516064387
MII51,1604.4523289476133
VIC29,1364.5288968334664
RDC11,4456.997690019224
EZE26,2703.8937292111486
ZXO53,4984.226912587035
VVO38,-365.3639934129138
DKR87,1605.9123264984648
JKR96,1457.99102033607
SDZ43,2275.6961652684854
GGP12,747.4595844157461
FWU13,2195.3662474123194
UFA10,2719.407141591915
ZPF14,2030.9723438276833
YCY11,1901.166657527935
WVE39,2875.8813155333223
EFJ10,4329.636575540923
HLZ81,1429.133522454291
UXH58,3288.6823030558985
LHC12,654.0001779844683
PAL64,4422.58804106776
PIN15,4637.223060753049
QAU14,-228.35284262969176
ZQW57,950.7761660381184
ELK66,4065.7696658480972
ARR74,583.6563693389356
LJD10,858.9734072548642
IGQ78,1454.8648281345666
LKG52,2084.4228451572108
KGF12,3324.618510761556
RWW49,1568.6482368447232
TZF64,2220.0047764824053
YST51,1096.2216901366887
VOE12,1861.7433734576125
SPK13,3628.2161439503166
HWE10,2228.7929587529225
HDN12,135.41799457538502
MTV83,1801.392026079814
WET13,1485.797360735834
LGX26,1338.1050107068313
XIL11,3206.281833674505
OHY21,2561.0591307468376
BYA70,1645.4229437291813
UMO34,3819.8467014035923
IMW22,3955.7156237027802
CKE54,1017.0090189370978
HHT59,2286.797067065438
DUZ10,747.2718295896677
KYV41,2104.059782889304
WUK60,4105.570375942397
ZYP12,932.741299554217
JSD91,2769.021806589831
HPG22,3668.1954361400694
DIX98,24.215715621814866
MDI34,827.529206841961
RDC11,2947.6395442509183
JYY11,3254.942831909993
OKA72,2025.2503143844851
KIS14,1185.2338497425826
ZJG11,2868.848685866834
NPE65,2565.273398975837
PRU76,92.20108335412044
TIQ73,2756.013900055163
ZSC82,987.2265654803427
ZRC14,2921.7487214778644
QAE90,1035.7599037440812
YTL30,4545.941760209429
KJO95,1678.7491760564437
RIM99,809.9689914709438
MGD92,3494.0790229223485
TKM11,2426.7029690312074
NXW60,1397.9280088612502
BCL11,3913.424422234085
FKW44,1176.6254269082528
WVF37,1812.755398832193
OAO12,530.660574838602
UCB79,4979.249923644769
NWQ13,3097.602613986162
FCY92,2384.4552405646664
TMZ19,3666.66634148682
LZQ97,3251.1905235834524
QKO94,1271.1593935531764
SKG14,3027.0618806747943
GTU11,1669.347845154259
CEI27,-742.56013418322
MUE19,4336.578208902859
TQD35,3377.5118896553704
ADT76,3444.6421988991024
WPJ11,3163.611535999847
GKK14,1730.8209798665775
COQ16,1466.3376945267864
JTJ14,1815.786984298696
CFL52,3836.3533121840264
QUH78,2518.1259963745388
CQK14,1119.8852999162527
URV12,640.082191278882
CTT10,3052.8857410278038
EKB79,2973.1841872928617
TRX84,3685.188530692352
EGU28,3208.414922622405
KAF29,711.5363340515205
YQV21,3971.2821418320345
SZO25,1047.3875324681562
DUZ10,910.0587215007724
HLD43,2240.155716183346
CYJ45,2615.194360130382
BQB14,1988.9708615041995
NAI10,3482.2908598017084
HPG22,3656.842327500718
NCI72,3798.0641918814235
DDK20,2528.001498828519
YGZ30,1854.3134465075523
ORW88,4184.3843898012865
ALQ91,2107.5621798691413
MRG12,5229.223742558952
WWF98,2044.0952419622572
VDZ97,3272.653463539318
VMN22,3048.5006072993497
PAN11,2126.1134502275963
MAJ12,3446.603195592189
ACC80,3039.8444199861233
GNX16,1730.2938108554454
XPC22,1319.4609936413335
ZQS14,3772.630029966168
LTH47,1948.3892016327168
XSM88,894.3843473037896
HLH13,2645.8334754339576
XBT14,-402.6094707363899
BGH11,3054.954141753669
FAC22,1173.8561736040378
YQO80,2644.883650837205
IUN21,2863.0721500150134
QWO29,3748.898472829998
GNK67,4331.255687865111
NCN85,101.95420526525419
ZPQ72,1174.2675701935964
KSE64,2996.5152963861265
MIH17,4417.738348823996
QKY68,1321.282003394103
FSJ13,2542.7209205885206
VNP14,1740.6305121362216
KYJ80,4423.704976505616
ENI41,2328.7349364088336
JPO54,3748.73394233536
NUU36,816.5998038862924
WBL95,-1081.058841300776
EWF75,2987.454892977247
SPK13,2104.946320331156
XBT14,1210.0314199412103
OKF75,5344.617453442595
FKP38,3109.6595594818787
ASL20,4056.082120263027
WJO14,-1032.2916171094378
LOS50,2989.948332148327
MIH17,3052.0263023687467
RVU10,2725.638875130742
JGK92,5427.120630917907
YEC92,2244.2195495329233
KJO95,1859.3603111561333
VIC83,2583.4636312516577
XBY11,2677.390610804167
JET13,1271.5597455013462
JLD12,1137.9697412193066
TNK24,2856.5254564454685
PRU76,2094.7137378490306
ZAC12,4385.43378206627
DJA22,3545.202892725963
VPX10,3006.261429475971
FPC14,1690.528716337928
AEF11,-1236.754592769826
YBZ14,3799.2776762647927
MRG11,2414.271468084152
ZEE32,4151.94549357108
PYU86,2204.8625674265845
FDI10,-159.08387550414605
LAP14,3351.3677469467957
RHG44,1053.5378594596475
QKY68,-720.563816888766
SFZ66,4055.499888005458
GWU14,3837.777891313417
IOW64,2595.026907449635
NLT14,3470.2715018449603
DSP10,2555.5314894668736
EWF75,2841.097952868511
OGE14,8.004652943628173
IOW64,2420.204042463627
ZRC14,3030.7493919307212
NNX49,3953.026834886202
TKM11,2442.9896989257704
NJD55,2417.6350219521482
PPX45,965.680130720049
BNU14,271.239732152843
OHK62,1561.5855231498153
CEY52,-1046.8420304891943
ZNR36,-84.82327174891009
NKH42,3131.0128869898062
HMD10,1812.205938086528
KNX65,1772.718537273473
OGE14,1921.076767690225
KAE47,2591.9889574698077
QTR25,1713.3047012894945
QYN11,1628.2282448210078
ADO13,2341.445728725552
WOT11,2680.003713999039
HPG22,3817.917450720289
ZWS21,2715.44466551151
QEG60,4189.0004591862225
LVI11,-1104.370696458282
QTC50,795.3922411165247
OJX13,2562.9464608919598
JVY11,2667.6424542723917
VMN13,835.721136385826
XGE53,2702.4088257737967
UFA10,2464.813825821975
OPM10,2714.929811806252
PNK10,219.4111504240875
GDV12,879.4303659045643
BGH11,1804.2792727045062
UBT47,1418.8784747730651
HRW59,1145.9425569623443
JWP65,2764.9059815272235
QBS73,2284.6856603116507
NTB26,912.2005343035244
YSQ17,4036.829874233932
WGC12,2743.2203553871227
GLJ63,1895.2813677588315
RXK11,1668.2615373780745
DWE31,4376.982074801327
OGW98,3049.7242478402522
BGU29,4351.4598313990555
LLI13,1812.3564296496888
UNO45,1742.5866854367691
JNE88,3590.811466730485
BDC33,1753.8789907004189
SHY10,3634.971981221357
YPI13,3721.8939026265057
YLQ15,1844.001685242361
FWX31,4152.670747360318
VFE97,4142.771866141262
RWJ12,1716.844422171142
NKD77,3884.568389951368
DGB94,833.2805665752805
YRD11,2815.452513816401
KJO51,1473.0927886635736
HCI51,-1008.8845183827684
FTY40,3031.0088665569647
QJZ43,1631.6760053661662
BJE52,2552.6150281364894
SXA15,1407.513556640298
RQL15,1339.3978406242927
OUO54,3164.3306618093143
PXU66,-814.3710498492278
UJM11,3967.624390183262
DMG17,934.0232197483929
SGZ11,108.46209656478493
WEP87,3376.935795865756
SKA90,1502.4001393131205
CYS10,3275.0515599914634
NDQ15,2040.245429499686
GZY97,2630.4143322563655
CKJ42,2707.972612405977
IPC15,2755.2638214898275
ENI41,2145.90939198362
FCQ55,1849.2901617068555
BXE31,1173.1037713603687
NMP43,4372.0307670974025
MEF33,1122.3999975533375
IWK67,2797.4977173321695
PRU10,3153.941314751784
FKP38,2959.3268416070714
EQV54,1542.334970993187
AHF89,1616.726169569044
PHH13,3449.2410992569025
GRM60,-734.4395541817478
PAL64,3172.98174722189
NDP41,856.0990347981135
AHD74,2989.6437428414847
SBH11,2145.6225301102268
JTW13,1616.8673858075742
UQE10,3697.4492747557333
AXH89,4163.556870302655
CQU27,1828.9362059182058
PIN15,3280.7666916652934
ZKQ11,3528.8971955707275
PPB10,4193.516015715906
UJM11,3741.7636776621052
TKM11,4484.079378775765
WJU16,993.4573572575682
YBZ14,2484.75413680521
PRU10,1115.098534507395
WUJ11,3153.954198354396
ORS21,3038.557156765265
OYJ39,2113.29597302974
HRW59,2504.7869632419374
VKG12,2499.033075671665
MJH13,2573.5645065326007
RXO14,968.2947554224306
SVQ36,2791.605810889753
SRC13,2288.634068173345
PJB12,2212.769066617306
XPC22,1451.7558608052523
JVG23,3174.1717750228017
GUM11,624.4104021399144
UYA56,3028.6984171477557
TKA46,2820.935313949051
VIC29,1309.5625238814991
ESB61,2049.0617201590526
DRH86,-793.9796919703218
VSL11,1703.6475411279114
DXX87,2843.8920546437703
LCH20,-1156.3319085773753
EJZ14,2591.982632652187
GMU28,1557.2702065543624
AEF11,647.9923585468553
KFJ98,2050.5306235651565
JYM14,4067.619984502182
CGH10,564.8428687010746
XHQ12,695.6814446710102
RLS13,3954.0410933504263
ZQK44,4298.38896300964
VJX78,2335.642533142083
RCF13,4057.7780082970376
RXK11,1593.9672797821208
TXX50,2824.4345293582633
OPR10,3679.337406432028
OCU12,3301.4588405568884
SIY12,-180.39145423314898
HKA14,1930.3326913253782
OOL46,1302.305567403399
OJT30,653.1170945621545
TZF64,2209.8208459431276
JUP10,2290.8268214845916
GMC11,3185.75756500468
YMU12,1881.2294909416905
XRU43,4810.007552678638
OJS40,1958.1548074471302
VGE44,971.877306066664
JJD44,3068.4726673572336
RCV45,3076.880092416297
XRH13,1558.407761958364
CGQ37,1241.9111869288786
YKM69,2591.735042025343
CQK14,1455.6875829863445
HLH13,2800.8375593615
FHS14,2680.7858223628696
JTU15,2104.8874096692157
QKH44,885.9298373758224
YEY91,2579.3219973756845
WRY47,1430.0883756059989
ZEO73,959.909550344787
JES16,1111.8756744452924
JWP65,3066.013121766719
IKW10,5516.704236315443
OPP86,2873.920322832697
AEN20,2153.368875823329
LOK28,2189.169697434996
APX64,-9.845621781284478
IHO60,4398.564361687441
CNH11,2320.802474003518
SLY12,2548.4064265254237
CKJ42,3024.3666938412866
JZM41,3968.564198318565
AUN96,3862.7376611096215
GDV12,1319.1917169714645
WLW19,1858.3058727731932
ORW88,4360.209124030107
KTI10,3305.8290059860906
KGC13,1966.7293126933769
IXX58,2964.077771530746
DVT10,1209.9609746505887
RLY93,752.9104009490538
DCV26,2408.18606387551
NWQ13,1795.966505180179
WXN13,2928.528403756643
AHZ10,2843.9824398761803
JFM47,4530.249869892077
FKP21,-40.280339679745225
UAV72,1549.2532700359804
WJW10,2813.0514215992316
LHK43,2115.952239062903
NQE11,3262.0495761373086
ZAC12,2969.8747119514587
LOS50,2857.6192763743766
SWZ52,1125.9769533794804
VKW64,3045.022355377998
DLH42,3399.8556837898277
FHS14,3055.0044808243792
NEH32,796.8862555065346
ZEP43,1755.441926551306
SIJ28,2498.1452009171467
TWW48,1370.054728271839
CTO12,1285.218991502851
WET13,1848.0333602318633
HLD43,2070.382682993507
OIF72,4116.215585909638
XRI86,2098.2086660221303
WBN96,3170.611580981626
LSU81,3250.905505773479
YEY31,3170.2878682677656
VPO73,1999.1757398049317
SMU22,1317.6031029916344
KAF29,2315.404129867844
IFX12,1914.9063009822203
CTT10,1421.6838509548813
MCJ75,2108.1998488389036
UYH71,2598.397071643304
FOG11,3329.3430909549425
UCB79,3499.469574891701
CPZ57,997.8590433512893
FTF15,3105.4524321009912
KBE13,1477.9787654730962
QHL12,3153.993382637807
QGQ10,1931.7794674952438
DFL12,1912.3093348524917
FTY40,4345.018613628626
HTQ14,2881.4789160717187
BSV80,2284.1463167605875
DCV26,2574.6542346587203
JMH12,2625.2913572791135
EZH74,4119.720725256241
HWE10,782.670200968028
UYQ40,902.8133906535625
IBY35,3852.9104412335155
JTW13,1240.881224111265
SIQ14,1396.7289741966356
WZF50,3260.0070589324337
DZI47,3224.0018368184556
OGP11,3588.0364136569588
LOK28,2052.8454261370875
OEQ12,825.9086860343518
BON13,4016.526280850121
RHS94,2577.9347643819865
TTV54,2955.049514040211
OIT11,1077.30400000292
NSF70,1984.3286414117406
OYN80,4598.169809599728
RMF83,3042.2785187457966
ZFU57,3057.6201457875964
JBP32,1770.069423795358
ORW88,2314.947579820245
SKK32,2928.9781092878243
FQP55,1432.5332465296117
ZWG14,3331.233912990565
QRC79,2070.8747851117314
OXK54,1984.7101585030814
MJX11,659.9253880778173
AHD74,2832.3855320939256
BTP27,1430.0670320287509
WHA79,1790.5877444790735
VPJ12,2383.4848652509986
MII51,1625.9613808993015
LOK28,1808.2905460925035
PZT93,2310.8132099896266
ZKO55,1789.5506262967106
FKP21,1802.9428319457097
PNK10,2140.166881723671
WVE39,1292.16769379389
QJS12,2478.5171555924526
MXK51,1797.6427403619641
YKM69,2491.9699250763733
OIF72,2655.450138746458
CTA35,2832.555103865935
RAH15,3119.7454120899147
EVB28,1123.497897372587
KXU14,3671.36972976936
BNB10,287.4069649497204
TVF57,1798.453707999708
PYY23,3772.5956316751617
TBK97,1625.0659027698237
DKY10,3684.0946263154874
SWG81,1326.040857374643
LDO15,3003.1543054626086
HSB92,3499.129988343632
TKA46,2671.748323292368
RZV10,-542.4255190416822
FUN14,1993.700115541959
NAI10,3374.718685719465
BTP27,3114.2520209159707
ZQK44,2630.690360250792
ADE15,4363.405207970312
IKW10,4143.639991201867
FAB15,2634.4259610063978
PJG77,2545.298660210683
JES16,1107.4853033670177
KFB59,1399.1084519252724
KDE69,2376.058524075465
OPR10,3593.2103002035155
PXM14,1375.1439873388342
OYC25,3941.957148187402
BFK13,-747.0336140102428
TZF64,2270.1039213759213
IMO12,1126.8739064586284
SFQ33,1206.9153122262346
SVE76,2030.567008298734
HJZ96,2490.9809619567036
RNM14,2798.5859796011587
FOG11,1897.6998311979387
WPJ11,2998.43847005058
SGZ11,1525.6551342983842
ZGG52,2163.898468173839
UIR34,1563.851270982721
VNP14,3635.9823518170874
CPZ57,612.764913198034
HOK90,3572.150217174279
ZVH10,3473.628997870274
JTL20,1087.9351240569836
OOI14,3265.375567373759
EHR84,1720.5832499620515
YEY31,1158.696843932852
GLQ11,1498.3963785528151
SSW11,2471.196310570376
SSW11,628.3765179360963
HWE10,950.5385690244138
FMO17,1622.1120086023964
TBI27,3772.59858752746
XIL11,3123.3358622468954
ZIV91,1934.3073409509202
QXX90,2806.4528369826025
PRC68,1305.1749618751974
EEG76,2511.2318934206373
QMP15,1594.290129897035
UXH58,4602.21396289098
LCT65,672.4051489327979
HWG64,868.9283915484375
XIL11,2833.1599618589457
JZK98,3058.587986454301
WUV14,3816.1425062155886
QIN25,2626.1192816008647
INK89,2142.7055894298337
LNK13,1528.6794005691186
AJM90,4116.9850284790855
GCV94,1744.1482041616646
RGL63,4187.973939804034
OVU58,-936.9982098321972
OJT30,1025.961479633719
NJD55,2550.8433938722574
QGQ10,1894.839680867315
QAU14,1653.7201926029898
JVE40,1869.6139145716734
CUP12,3082.7807018323706
EHR84,1666.5160393846543
IAR88,3097.1542749241166
IGQ78,-388.1773357623703
NGH10,3516.07974058263
OOY30,1793.7907853719148
OCU12,3215.6519232701826
NQW13,760.9704094739611
NUY94,406.5750243949883
VSL11,3594.843602408107
LRF62,1913.9298820880276
PTX15,2867.6296931799534
RSY89,900.2415119580844
AQW42,4184.972124672692
NQG12,2590.7276533693343
DQX15,1161.9811497869653
HMI21,3007.078028986985
OPM10,3106.3195808793735
EVN95,5630.477340325437
LLH65,4253.3006874872135
COQ16,1867.4562362850465
QBV12,3838.721755181059
JXN83,1663.4434460571895
LWD10,2718.287163417884
AUO69,2823.489508313948
FCY92,2500.109171199272
DBA13,1149.1373899424984
BYA70,1924.5088976556008
OUB13,1492.8049134430487
IAP53,524.1933694011022
SPK13,2258.39234583362
VHM53,1579.8010391331995
RXM37,952.1472469593896
GCR10,4395.243432592669
XRY13,2405.9529901766537
VJX78,2496.88879632577
KXA92,4639.441163413498
RLS13,2589.283220485695
URV12,681.4432392655544
IHZ66,3207.6995749520797
RGM13,1407.3268024435522
WVX10,3064.574198403327
FCG79,2057.5783272325916
GZY97,4065.159435125679
YZE70,2443.2634714938217
IHZ66,3252.5538317235582
ITH16,2052.9049113923147
RCT12,2836.755689191653
IMO12,761.9851887091841
NSE67,1691.4125842562328
CJZ63,1902.3049975473045
RZH55,1017.1993993245508
YYE10,1686.0509413819748
IYX45,2405.141852490735
YSI78,2996.4760379037625
KYV41,3712.2211310832663
JPO54,5062.024382746222
CNC77,3771.4861110004585
TFO71,1073.0768442559415
TKM11,4314.557842226694
VUG26,2902.2476514199957
PJM18,2269.1411925903203
GSG12,1962.920705367343
OLY11,2020.7520688208301
UMO34,1976.7587138606914
UJC79,-892.4226268207437
YPI15,1894.5985834467533
JSI16,1791.1208546211537
QMP15,1479.352132567417
QXD11,1966.3117211054741
PPB10,4157.009114869102
AHZ10,2665.038056012644
UXH58,3079.440504056899
HHJ28,2649.323059602964
RLS13,2517.2134369849778
LIE73,706.6339548024987
WYF11,4476.635424925646
CGG23,783.4675701678057
RCK21,516.2011794248066
ZEP43,-62.636103063728456
GSN53,2363.8803195295973
MNO10,694.664306334472
MVU13,-497.8392255754772
FCJ12,4064.3613098652913
YKM69,2619.4103691985556
LTH47,1840.8218664331612
WEA21,1857.411405775737
PTZ82,935.7286645449833
JKR96,-376.6599382067729
IBE74,688.5828881841987
EIJ11,3925.540367197831
TVF57,1383.5559447269013
JEF58,1861.0718966328386
SVE76,2237.3565062154294
NCS40,850.3785335802168
GKK14,2133.497676267935
FWK70,2585.20973697175
LOK28,2283.693149527676
YPI15,1971.5952406064466
TBT30,3729.4481288633506
YTK96,1016.7779240562761
PHE51,3185.7540351137995
PAN12,2849.5819111204073
FKP21,3285.5400726809767
KUR15,1776.1504745698176
OKA72,2107.9458140403235
BAE93,1521.6574449761897
AWN68,-654.4369024345831
KXV82,4203.776889256051
JVR13,2881.969939970618
RWW49,1733.4048414253743
GPT28,966.4902253516652
KNX65,3055.826954812031
CJQ14,3451.757824519356
DLH42,4711.506672157719
OLD10,1117.4388479467461
EEG76,1012.615334961278
TKG19,1944.4320466798363
KAF29,2552.201812612628
VZK61,3805.0731356990336
THL13,2596.2881263926056
VFT71,1927.3357017227272
KTS65,3147.792321457779
UTN77,-342.80272067399574
XXE14,2117.665429269281
MSJ80,3982.8572940900467
DIX98,1604.6132774514047
YOC67,1442.0719965686353
WVX10,3094.583368549027
ZLS67,174.72420249746506
RXK11,1445.1867073424378
GLS37,688.5095566433824
YYN48,3398.0925924260277
MZW14,3197.7718569975636
CNO62,2578.1430342654853
BDC33,1574.5561659121443
UOI59,4262.884536003706
JCP13,2240.543659539722
IKQ41,1149.8968649116628
OVU58,685.4315531527945
PYC12,1770.4187390419734
COH93,1214.1841473636025
RDC11,1094.0859132011974
OJS40,2075.180514283028
ROJ11,2537.454618681746
HAQ14,1106.2167949850264
QUR48,1136.7400201146036
VKX48,2478.3752995775903
IPR12,4077.7247102073343
GMI62,4367.779967928262
QTJ15,3781.1227413505576
ARR74,3853.1995866954967
QQK28,2582.2735686769474
CKE54,1065.0545608765447
TNC52,1281.8230396600889
RZV10,1311.2067495474687
IYE11,-123.88877689110191
XAG62,1760.3233864820154
VPX10,1187.0364823336035
MRS69,839.778120429117
IRM25,1374.918627740261
KFT87,1512.9963356829194
KFT87,1798.5468018491902
IZT30,2746.344481107622
UYQ40,865.8741000884274
FBW60,1924.625453501681
MKR14,1639.4855494199378
OAO12,2549.798255330966
AQW42,4242.29187975214
RCA58,2808.9417163131166
TNC52,2878.437348542635
HLD43,2317.5544828582692
AJM90,3877.1002130894476
XHP14,558.2100026866513
APE89,3269.323708623903
HTO82,2629.811170006166
RFR49,3187.737391793017
QHL12,1157.7796367147985
ADO13,5682.175237576643
WCQ91,2863.171458477263
PNU88,4090.262808028401
TTV54,3120.083505910543
EOF58,835.7305455805185
XVN59,513.6419165330017
FFG32,3142.6886438619304
ELY14,3833.709006179756
BKR48,2209.4418627817145
JBP32,1968.403851147717
EVN95,4375.926778923885
KGF12,1377.4948926070297
LOS50,2823.630612011428
RLS13,2528.3946176910154
QPF16,2525.0533533651787
ZOJ13,3002.9213887265587
WGC12,3158.1232825238835
GWC40,1580.3045101418918
GZY85,3061.753481938899
DXJ52,2072.091588174895
BGU29,3990.8223509866366
MYA10,3347.352798908921
EVB28,2596.1371206482954
UQI78,2876.485879476632
ZAM11,1701.1375295887815
DBJ11,4024.246644482472
YOJ46,1392.5156563318033
FSJ13,2544.995541079866
RWD64,1460.552903790489
SRT14,3332.1629889941864
UCM12,1656.1567954009088
HSZ90,4056.8142165124764
HCI51,951.3631935272099
IAU19,1567.947139487295
ZQK44,1004.5291757368568
TZF64,170.36704345814508
THU10,1424.5825659197856
QUY11,1801.4036523554032
BAX62,676.1433828277513
KKJ43,1678.301064872456
RHR86,3031.646451426055
OOB26,797.1242206108195
MRS69,2207.603133939627
YUE24,2381.7019354306326
RXG14,2215.116804960644
IYX45,1098.4992204403134
FIH14,1898.1777853433823
ATT10,4152.664136991473
DCV26,2130.191438117461
UAS12,957.6686516894742
YQV21,4180.482227620083
GSN53,2493.328039283704
ZXN29,1737.389900280541
ENH17,2896.289303987403
SLY12,2648.475637891428
KXG14,2077.5230538374526
DIA66,1058.4466925940785
OAY27,1908.0386371010723
DXX87,2943.5343943812945
OKH95,2603.9904165641424
SYQ15,834.6319745095411
TOK11,2529.1449396604116
MEF33,2684.8766964947513
ZOJ13,4468.507310562172
ZTE88,1895.1114383146064
IEW96,997.0065936547999
BJE52,2414.717132694493
OTC46,3004.9183237912544
UBT47,-444.54206631180995
OLD10,3080.3147811118456
XDH81,3522.8738658287675
APX64,1993.194165042834
FMT10,4269.251060724472
FTY40,1002.0093829366942
HFF15,1306.8122795108272
DRY11,1501.0046611860366
MKR14,4915.793107098671
RZH55,1009.5882051909364
OJT30,-956.0764804248394
YAA14,1950.7394404800098
WEX14,1172.9685323634758
KKK25,1852.223589013574
SWG81,-427.5620064207921
TLK62,3273.0416938511853
NSG12,1922.6106710381323
FRD35,2006.2728573943564
QDC31,1272.273858376257
GKI48,1875.7958978704623
UTM98,4432.838524774236
TLK62,1224.3891867925454
CJZ63,1629.0087899378393
XWX56,254.5084504305396
DLV10,1897.880942342928
SES94,3435.4652540630573
KVS72,1749.7988696789835
XNT10,2067.606699218581
URG12,2125.126025920289
IPC15,2791.804588870005
LKT15,2978.192025442829
SZA88,3593.160559242036
HIQ11,200.09922817543566
JYY11,3184.192457754018
GWH45,779.9196268124674
KTS65,2998.60487204733
JTW13,1490.514109304082
LIC37,2981.302449568092
VMP31,-92.51475883715162
WCQ91,3094.0540302177374
NTE48,4240.768294614287
VYB31,2537.4161374755317
NCN85,2072.041224722041
ASG22,4181.321021384986
KXV82,4302.023371149329
VFH85,3086.6489283279143
NFO12,4137.043240369085
UQE10,3493.3589156396383
SPZ10,1683.9973688378961
TUT39,499.7407254539779
JDT14,3215.908153207907
NDP41,1247.4209034047742
HWG64,2944.2145694098554
ACW12,3737.3607033457806
PJX11,2455.9729541194947
MVI14,340.08766662847245
TZV99,3984.9329650755208
IIG27,877.281734703839
SFQ33,1141.0508682624315
HJY10,-940.2541358241024
YZE70,2421.8215578437485
NUY94,698.5786190563213
QFD24,5675.255703788296
INK89,2131.516156801453
RWD64,1374.5320932880486
OUT45,2493.3741824175577
USU11,3372.6332218035823
IEA75,2264.602252159753
EBV12,1678.3391873522305
IDG55,-365.07479113869215
MDI34,-1091.4908532433283
PYC12,-299.6314686219857
HZM67,913.7772604278773
PRU10,1139.4242912391242
HIQ11,2058.976189177415
KBR19,3053.3692747677364
QKH44,941.7518405914318
KSA50,1864.0310460089013
OSH14,2034.0253559740436
DKR87,1810.012613988602
ZKH72,3037.213147979427
QHL12,3194.0679045478983
OHK62,1250.9424240903681
DZC65,-793.285630514249
BCT83,2745.917181614236
YPS49,3344.9026599510744
ASG22,2878.0716640709143
QEF34,3466.535385147364
UOA58,1024.747076205214
EXZ14,2695.9357170553344
ALR41,1370.5656966396857
LLH93,5157.579900884781
MIP41,4529.272518678679
YZF96,2668.2939817232805
WAQ97,952.2099361761627
EOX12,2322.877029236983
YNH71,4211.408798264653
RRA15,2623.987260543853
KGC13,3903.7541779376534
GRU16,2780.9582133885856
KKK25,1856.6688277212938
PYE12,3842.787310259476
WWF98,2128.333917423003
ZMR15,1125.5652212678542
OOB26,-1071.4227756482169
VKW64,3049.979240124782
AWN68,2646.649265537785
RMF83,4483.094778914152
LHC12,764.6039312787357
VQW12,1405.2905278007822
ANV76,2317.619415099683
CZV11,1971.986316203071
ELK66,2558.720480064502
XRI86,2351.243852921657
DIR24,1095.7854874909922
FKP21,1567.707014374082
JNE88,3764.9078074035133
YFI46,633.1554406203901
GVZ23,1004.4650045760534
MPG14,3683.761633925553
BFA10,3871.4265065122563
KKC12,5542.468406135315
GTU11,3564.9395530687884
XRY13,2205.3930028921714
ESB61,1675.973115723338
TNK24,1608.4543356723202
GRD25,2595.950698068739
WAQ97,1081.2363412123836
RCT12,2378.9572868821647
LGB10,3085.042088723055
DOD12,641.8861242592249
XVT88,4058.723251016244
ORS21,3135.9741022975936
LHB99,3153.3427609686946
JHT69,1526.7830649493394
UOA58,818.5701780888378
XBP87,4019.430518825191
UFE10,4150.6708071374505
KVS72,1844.7443308208176
NXQ22,59.73053562788601
QUH78,3846.4285049521413
YSA54,3146.7677626335353
NDP41,1228.9725943019312
DAD76,2473.969046929828
UAS12,790.2072320310058
UMO34,5276.099807788136
YAO11,2946.7217671424874
UMC12,3269.4866551844448
ZUC11,-69.1500826298647
QQZ11,3154.2366294205453
VNK13,2436.837367850896
GCD72,938.0625570754426
ZVH10,1757.2675820553068
JBC11,2193.460183652861
UQI78,2929.183905909983
MPG14,3495.249553755068
ZNR36,1776.0498567702498
GAA13,2987.057354075104
SVQ36,2936.673482300489
GUA99,1825.649589039946
MDT12,2031.6441233565802
XJA26,1359.0008166305618
DOS34,4267.943104422156
CXN95,3948.462252796434
MKO99,-494.27988522315445
XNT10,1947.5688361105122
CZV11,2167.140229360723
MEF73,910.5487493770354
EOX12,2466.120929263062
JJZ12,2187.404604611703
TVS63,2503.053870091433
TMZ13,2234.985783595498
XQB11,2116.5559047263077
RSY89,689.9175477894596
PYY23,1762.704819082789
ZJZ12,1268.0463742128454
RMM57,3749.1660523831983
HIM13,1805.1330622092783
FCJ12,719.0585170819236
HSB92,2051.0529013321607
LYL11,1010.2742328756176
KEB73,1553.17255312991
DOY13,1812.5231828621945
NSG12,1977.5449093462025
SLH10,1119.3147367542251
KZY10,1946.4758511626528
KQB34,748.0741622446378
TMZ19,3901.888670863181
YOV13,1363.7870171735588
KUD34,2709.787114325518
LHB99,3459.3517175848942
WGC12,3016.2104741247495
CEI26,2438.925958759934
IKW10,4215.714074077098
IHP10,3169.112344134193
ZVH10,1984.6835442699494
BAX62,-1235.1794468349708
VUP73,1930.8048320211456
GMN17,-182.64736185335568
EJJ98,2373.829619008378
SZL68,2940.776664374705
KQB14,2347.155841191128
PPX45,1060.7543848337775
OIX75,1543.7334992859917
UBN10,204.24377338095337
OZD18,4187.98639385817
NUW49,2224.4585275426753
DPL20,891.9317177507851
SWI46,2461.9563770551094
OVU58,1075.4019991670523
WBN96,3323.2036725038997
FES30,1674.1452650100025
IBE74,958.505657879725
CQK14,1317.793630519467
SAS13,2942.1526618230046
AIR10,1660.185556580034
RCT12,2738.1006400972537
EGJ70,2259.7939411663324
UJM11,4127.095363995504
LVI11,902.7073137153318
YJC10,2951.33914391152
STK69,2773.219679266586
RCG12,2961.956054259957
DPT13,1790.724643818246
AKE16,3313.6182809265874
ZGG52,241.14393877136217
QBV12,2344.310167814463
OIF72,756.1254913907696
DSY84,1933.6511861657577
MKK14,602.1401323099356
ZCH56,1956.4760181259603
NJZ80,3921.8957849843873
YLU79,973.3826942498392
UQC15,3038.8612245608815
QGH13,1574.7648561018232
LFG35,1036.5459674246529
GSR10,1920.7779820196088
CXN95,3678.986767190989
SAD14,2895.7775192657014
HIM13,1450.7203605643847
DAM28,3672.0861349381908
IYQ61,723.5375238044871
WVJ47,2400.8411238600115
YQO80,2333.0037695587052
FWU13,3800.9671511744637
VLR87,4651.658089028717
KJO95,-195.04281770497633
YMU12,-70.74045290161638
KSO48,4623.0513592325315
JVG23,1276.7641929502975
UQC15,4355.373764090306
NKD77,2587.1164062834005
PNT79,583.8641709879566
IBB12,3254.761484805631
NDP41,2509.606521881988
UNO12,-825.8449357101491
JLR10,2647.759935079496
FTE97,3042.7680036559227
RKO79,3018.0730888577737
AHD74,4240.8163961957225
TUA11,766.5171643100123
DFL12,3360.7831674087797
SRC13,4313.331092135889
CNO62,2430.512854636
VTP18,66.34376654527057
ENI41,2378.297522456548
GKR83,1075.004691595802
GZY97,2750.4410340743043
YUP11,2690.916864950461
ZGW12,1514.7357277468545
ZGG52,2185.407445752926
YBZ14,2088.5309525891107
MUE19,4233.669417477823
YJY59,3808.6365862940165
SVE76,2212.5929449351324
BGC59,2157.957734864232
MQO56,757.0636784662179
DVZ11,2947.063549587567
XPL78,1872.7185492684143
ZEE32,4086.837820398572
NOR77,4602.379540710109
UAV72,1521.5024786819463
RKO79,3073.909616416762
PNU88,3838.793138904917
GRU16,1114.9467987679384
GKD13,392.91286832444393
ALR41,1489.3621949976923
BDC33,3052.2086927889736
UBT47,1581.667811407289
XRU43,3167.9637172882926
PXU66,2533.5284480890837
MII51,1363.2934050069582
DCB19,3674.3502486290568
QJS12,2615.455854746793
XZA11,3162.61178556271
VIQ13,2200.3524446074343
OMI11,4206.595049464
SSW11,2479.681011545127
ZIV91,2316.517083598607
RHS94,2384.86823828443
YFI46,689.6463323741075
VNP14,3786.9910265573644
IGQ78,1653.0326610771313
ADO13,4239.9181894659605
LKG52,1973.7312148213932
IKW10,2222.2685975217664
KTS65,2684.8489970138676
QRB67,2638.254637160334
OZD18,2865.854741398466
TNC52,3253.1039390877545
EOA13,4193.833543412889
FCF11,2143.450954921665
LCH20,441.8847689449897
ZSC82,2847.133106802064
MEF33,2979.7197840789
ZLP33,3197.2685465258655
VQU85,1456.095212863
DUY39,899.5310592417447
YYN48,3635.15679651642
EGU28,3382.5128138291643
EWF75,2839.823193986706
ZKQ11,1542.3349223013904
RQL15,1578.4039466001586
KBR19,4563.367867642232
CCH19,754.3668520810097
JTW13,2932.8523046573055
YEY91,2305.1446435841194
APX13,4163.388946451496
WTA87,3766.179383859636
JBP32,1794.147585299017
IMW22,4351.940332434473
GPT11,2492.374365267211
TQS13,875.8372998349926
WEA21,1859.8668847490835
CWT37,4097.916367352065
IEB77,-732.0722601064294
JXN83,3258.638341518409
UYH58,974.4651728049275
MUE19,4348.765670158676
TTM88,3096.9193958757783
DPF60,-337.46816142989513
WWX99,3827.8006415798536
IZD14,1072.3702927329941
DZQ18,621.5705342920853
CSM50,1822.7244749869174
ESB61,2083.0315674480726
SFC11,1299.8010173316018
CQZ29,1328.8608227092795
WDW84,612.6199141517776
IUR77,4150.508720553187
ASG22,879.1357313956205
QYH11,1399.114445809685
KAY10,3848.0126011892708
HQU11,3967.446258739962
ZVR52,2206.9058068995305
BNU14,3577.041176554738
ORS21,1169.4768543167384
YOV13,1767.5799102424344
HTY10,1081.1683871475793
KKC12,4079.5538776372105
ALQ91,652.5877590290479
CTA35,3132.0761793642955
IZT30,923.1753422824668
LME51,1241.7343643320914
TVD11,3285.38745711025
ZKO55,-63.86665146894177
FPR69,4327.0556948626545
NSF70,2142.1997628335466
YYJ78,-1150.357148153635
SRC13,4359.965399032506
QAE90,2474.442293912908
URV12,2491.767075939321
WVJ47,2812.8758188772663
IEW96,795.2963712010389
OTC46,1588.6836911058363
BCT83,-548.7328809671908
ZFZ28,3737.656729905066
OLD10,2755.4211872861565
ROJ11,2479.3591878482403
MYA10,4822.201740609107
ALV12,3309.7311006255404
YBM44,1926.3027160458278
PNK10,2036.9326951967037
YJM13,4319.038921580973
UIR34,1680.7471176573622
LLI13,3528.608378751556
WJU16,923.8132817957946
NDP41,1049.2733869458748
JXC75,1382.7760801251889
YQL23,1774.7809600870028
SGZ11,2091.7197724888265
VOR91,2540.235523487618
IOG99,2239.3692507523974
URV12,2261.230577472938
NPE65,3846.6896604351086
KGC13,3966.2969744123284
CWT37,4241.103108188955
HQU11,5655.271210275447
JHP96,842.9538915942635
EHR84,-252.78489251418222
EWF75,2964.5348212343442
HMD10,1857.043596468086
QRC79,1953.8842567615225
BNH40,2724.656222291118
JXN83,3492.287847912957
GYZ10,-1078.3761760847115
TEP90,1109.7254821429278
JTL20,1045.4929634002026
QYX54,3992.91900699115
OTB75,736.7411502025252
LNA17,999.8995216926533
IOG99,793.2997956441127
IHO60,2311.5874515829714
LCH20,842.7474136134842
WGW41,2999.4280513241793
BWJ76,2896.9178417840067
AHF89,-225.63303057685394
QGV13,3737.210043676486
MOL44,1627.316328103281
GNP12,3878.7960661877787
GVZ23,1126.0382998567936
EVE11,2476.137180127504
IBY35,3500.827712627671
IUN21,2835.313056134241
DVB70,2633.4682067763756
KRS13,4083.031605991133
YSQ17,4400.604491942612
LKL13,4044.4144779237467
KDE69,2398.125949945854
VVO38,1284.2361673602493
VOE12,5125.684174444323
PTX15,4536.578057903463
NXX10,1777.5811297340788
NKH42,1321.7872160712427
JRE61,764.3053240763084
PJX11,2327.434472336446
YMG27,753.0678317165177
ZLI11,4215.401180999743
APE89,1246.2907347287082
BUX15,3074.0034390549094
TGY15,2661.499583121403
KFT87,1759.897100634139
TZT48,1533.0750196594743
NCG56,3256.077271967497
OFA73,1875.134044652381
KPX48,2532.355402760265
KDE69,2448.0967782570206
AJM90,4350.946443387586
SHY10,3671.2081675968475
PPX12,1019.3195469901748
GQT13,645.7908224946938
DJF15,1806.3344472314147
FCY92,2534.7953385087535
RID69,2579.1274398828664
HQW98,4545.650522309728
QAK10,2994.0529714705804
GDV12,1183.9700092630953
CPQ12,2242.4310230090496
JNE88,3615.4371072951635
SAC31,4287.6203266442635
IAN13,2942.9896610671376
OAW37,4539.482391290884
BUQ68,2695.7871783743053
RDQ13,1219.383742817074
AFT64,3828.398191914661
NQE11,3636.46283311558
UML60,3389.871981647603
WFU12,1194.3508569484159
PZS93,1727.0259451674378
MSY10,3731.7949074667213
PYC12,1623.7350883272102
LZC90,2666.743963041221
EVI82,1234.3886393043122
JJQ10,2783.372387981461
WOX94,1315.0182717491875
MLD88,2291.4621435708973
MJX11,828.9552255528554
EOK39,1577.4835698024115
PHH13,1957.1114605413682
JVY11,2289.8236818111136
OGC10,923.1096692192014
RZP72,2792.5523749374784
CJQ14,1543.156704603998
SZL68,2636.65408176856
TZX36,730.3079700896485
ASG22,2517.4202639548726
FUU40,2024.016541217747
GNK67,5642.548152498332
PIV47,3786.708832680705
YDR46,4425.87857400562
HAY13,4232.629182232884
JFM47,3244.5756342714412
CYY10,2961.0621499872946
LVI11,2254.9084721415916
LHQ13,2410.0955715107466
ADT76,3146.719964765624
EHR84,1694.2644033974195
FOK66,4014.578640054311
SIY12,1771.4552386637438
UCX61,556.2032701912342
CHF67,1154.50274860879
XRZ81,845.77794695525
CNP10,4654.450373531867
LSZ55,1556.7545533139087
JTL20,-919.862189445679
JDG81,653.6386361817646
HBG12,1097.4744750213827
DOD12,-1182.3237910322428
WXP11,1312.4900564733591
GLS37,-1156.2671947614856
GOU14,2525.1999209243068
ZAC12,3076.631812811817
CSM50,1586.7431747163384
XVN59,753.9544329459909
LVI11,939.8394104911831
XPC22,1403.7092523676172
ZGW12,1372.1833380325497
LNA17,986.7472265587596
ZOJ13,3098.360983921013
PZT93,1022.4846754517218
IAP71,3011.9103822992506
NZA81,697.0962038511173
RMY66,1582.674525583392
KGF12,3206.1243472575065
UQJ12,1648.807326357429
JXG94,1682.6982420627605
RXG14,1999.8248491811846
GLJ63,1834.8471349875135
MJB10,2676.496976178542
PNK10,1846.93455107507
TBT30,3395.2435298419255
TVS63,2377.170174160192
NVY75,2219.6596013457406
GLS37,835.735679815492
CQC14,2899.3886489579036
WLW19,-22.513428354258565
PYY23,3355.9228708758696
SLY12,2531.55845609849
VKK10,2668.6092121802126
TTJ13,1598.6006069549603
GSV13,1966.4786837066063
ZXN29,1893.1994263052143
RTV34,3888.991187550768
VFE97,2268.983059314694
KXW10,3552.0714018334716
CKE54,1095.9589249306714
HAY13,2902.6753925071425
ZEE32,3877.539070076313
NDL93,3743.834056513966
